{"cameraMode":{"drawMode":0,"name":"Shaded","section":"Shading Mode"},"sceneLighting":true,"audioPlay":false,"sceneViewState":{"showFog":true,"showMaterialUpdate":false,"showSkybox":true,"showFlares":true,"showImageEffects":true,"showParticleSystems":true},"in2DMode":false,"pivot":{"x":-38.14432144165039,"y":-11.886204719543457,"z":-13.816300392150879},"rotation":{"x":-0.08786136656999588,"y":0.7935596704483032,"z":-0.11770430952310562,"w":-0.5906952619552612},"size":50.145076751708987,"orthographic":false}