{"cameraMode":{"drawMode":0,"name":"Shaded","section":"Shading Mode"},"sceneLighting":true,"audioPlay":false,"sceneViewState":{"showFog":true,"showMaterialUpdate":false,"showSkybox":true,"showFlares":true,"showImageEffects":true,"showParticleSystems":true},"in2DMode":false,"pivot":{"x":-36.63091278076172,"y":-15.043295860290528,"z":-4.931347846984863},"rotation":{"x":0.13362832367420197,"y":-0.7291955351829529,"z":0.14888033270835877,"w":0.654537558555603},"size":50.145076751708987,"orthographic":false}