{"cameraMode":{"drawMode":0,"name":"Shaded","section":"Shading Mode"},"sceneLighting":false,"audioPlay":false,"sceneViewState":{"showFog":true,"showMaterialUpdate":false,"showSkybox":false,"showFlares":true,"showImageEffects":true,"showParticleSystems":true},"in2DMode":false,"pivot":{"x":0.5101218819618225,"y":0.6220865249633789,"z":-0.35402417182922366},"rotation":{"x":0.1952499896287918,"y":-0.6977299451828003,"z":0.20736967027187348,"w":0.657382607460022},"size":3.7770230770111086,"orthographic":false}